R&D Spend,Administration,Marketing Spend,State,Profit
119943.24,156547.42,256512.92,Florida,132602.65
61994.48,115641.28,91131.24,Florida,99937.59
15505.73,127382.3,35534.17,New York,69758.98
91992.39,135495.07,252664.93,California,134307.35
144372.41,118671.85,383199.62,New York,182901.99
78013.11,121597.55,264346.06,California,126992.93
27892.92,84710.77,164470.71,Florida,77798.83
542.05,51743.15,0.0,New York,35673.41
